{
  "platform": {
    "nodes": [
      {
        "id": 101,
        "is_router": false,
        "type_of_processor": "General purpose CPU",
        "clocking_speed": "2.0 GHz"
        
      },
      {
        "id": 102,
        "is_router": false,
        "type_of_processor": "High Performance CPU",
        "clocking_speed": "3 GHz"
        
      },
      {
        "id": 103,
        "is_router": false,
        "type_of_processor": "FPGA",
        "clocking_speed": "600 MHz"
        
      },
      {
        "id": 104,
        "is_router": false,
        "type_of_processor": "General purpose CPU",
        "clocking_speed": "1.8 GHz"
       
        
      },
      {
        "id": 105,
        "is_router": false,
        "type_of_processor": "FPGA",
        "clocking_speed": "600 MHz"
        
      },
      {
        "id": 106,
        "is_router": false,
        "type_of_processor": "High Performance CPU",
        "clocking_speed": "3 GHz"
      
      },
      {
        "id": 107,
        "is_router": false,
        "type_of_processor": "Graphical Processing Unit",
        "clocking_speed": "1.5 GHz"
        
      },
      {
        "id": 108,
        "is_router": false,
        "type_of_processor": "FPGA",
        "clocking_speed": "600 MHz"
       
      },
      {
        "id": 109,
        "is_router": false,
        "type_of_processor": "General purpose CPU",
        "clocking_speed": "2.0 GHz"
        
       
      },
      {
        "id": 110,
        "is_router": false,
        "type_of_processor": "High Performance CPU",
        "clocking_speed": "3 GHz"
        
      },
      {
        "id": 111,
        "is_router": false,
        "type_of_processor": "General purpose CPU",
        "clocking_speed": "2.5 GHz"
        
        
      },
      {
        "id": 112,
        "is_router": false,
        "type_of_processor": "High Performance CPU",
        "clocking_speed": "3 GHz"
      },
      {
        "id": 113,
        "is_router": false,
        "type_of_processor": "Graphical Processing Unit ",
        "clocking_speed": "1.5 GHz"
        
      },
      {
        "id": 114,
        "is_router": false,
        "type_of_processor": "High Performance CPU",
        "clocking_speed": "3 GHz"
       
      },
      {
        "id": 115,
        "is_router": false,
        "type_of_processor": "Graphical Processing Unit",
        "clocking_speed": "1.5 GHz"
       
      },
      {
        "id": 1001,
        "is_router": true
      },
      {
        "id": 1002,
        "is_router": true
      },
      {
        "id": 1003,
        "is_router": true
      },
      {
        "id": 1004,
        "is_router": true
      },
      {
        "id": 1005,
        "is_router": true
      },
      {
        "id": 1006,
        "is_router": true
      },
      {
        "id": 1007,
        "is_router": true
      },
      {
        "id": 1008,
        "is_router": true
      },
      {
        "id": 1009,
        "is_router": true
      },
      {
        "id": 1010,
        "is_router": true
      },
      {
        "id": 1011,
        "is_router": true
      },
      {
        "id": 1012,
        "is_router": true
      },
      {
        "id": 1013,
        "is_router": true
      },
      {
        "id": 1014,
        "is_router": true
      },
      {
        "id": 1015,
        "is_router": true
      },
      {
        "id": 100,
        "is_router": true,
        "type_of_processor": "Fog_Gateway"
      },
      {
        "id": 999,
        "is_router": true,
        "type_of_processor": "Cloud_Gateway"
      }

    ],
    "links": [
      {
        "start": 101,
        "end": 1001
      },
      {
        "start": 102,
        "end": 1002
      },
      {
        "start": 103,
        "end": 1003
      },
      {
        "start": 104,
        "end": 1004
      },
      {
        "start": 105,
        "end": 1005
      },
      {
        "start": 106,
        "end": 1006
      },
      {
        "start": 107,
        "end": 1007
      },
      {
        "start": 108,
        "end": 1008
      },
      {
        "start": 109,
        "end": 1009
      },
      {
        "start": 110,
        "end": 1010
      },
      {
        "start": 111,
        "end": 1011
      },
      {
        "start": 112,
        "end": 1012
      },
      {
        "start": 113,
        "end": 1013
      },
      {
        "start": 114,
        "end": 1014
      },
      {
        "start": 115,
        "end": 1015
      },
      {
         "start": 1001,
        "end": 1002
      },
      {
         "start": 1002,
        "end": 1003
      },
      {
         "start": 1001,
        "end": 1004
      },
      {
         "start": 1002,
        "end": 1005
      },
      {
         "start": 1003,
        "end": 1006
      },
      {
         "start": 1004,
        "end": 1005
      },
      {
         "start": 1005,
        "end": 1006
      },
      {
         "start": 1004,
        "end": 1007
      },
      {
         "start": 1005,
        "end": 1008
      },
      {
         "start": 1006,
        "end": 1009
      },
      {
         "start": 1007,
        "end": 1008
      },
      {
         "start": 1008,
        "end": 1009
      },
      {
         "start": 1007,
        "end": 1010
      },
      {
         "start": 1008,
        "end": 1011
      },
      {
         "start": 1009,
        "end": 1012
      },
      {
          "start": 1010,
          "end": 1011
      },
      {
        "start": 1011,
        "end": 1012
      },
      {
        "start": 1010,
        "end": 1013
      },
      {
        "start": 1011,
        "end": 1014
      },
      {
        "start": 1012,
        "end": 1015
      },
      {
        "start": 1013,
        "end": 1014
      },
      {
        "start": 1014,
        "end": 1015
      },
      {
        "start": 100,
        "end": 1001
      },
      {
        "start": 100,
        "end": 1002
      },
      {
        "start": 100,
        "end": 1003
      },
      {
        "start": 100,
        "end": 1004
      },
      {
        "start": 100,
        "end": 1005
      },
      {
        "start": 100,
        "end": 1006
      },
      {
        "start": 100,
        "end": 1007
      },
      {
        "start": 100,
        "end": 1008
      },
      {
        "start": 100,
        "end": 1009
      },
      {
        "start": 100,
        "end": 1010
      },
      {
        "start": 100,
        "end": 1011
      },
      {
        "start": 100,
        "end": 1012
      },
      {
        "start": 100,
        "end": 1013
      },
      {
        "start": 100,
        "end": 1014
      },
      {
        "start": 100,
        "end": 1015
      },
      {
        "start": 999,
        "end": 1001
      },
      {
        "start": 999,
        "end": 1002
      },
      {
        "start": 999,
        "end": 1003
      },
      {
        "start": 999,
        "end": 1004
      },
      {
        "start": 999,
        "end": 1005
      },
      {
        "start": 999,
        "end": 1006
      },
      {
        "start": 999,
        "end": 1007
      },
      {
        "start": 999,
        "end": 1008
      },
      {
        "start": 999,
        "end": 1009
      },
      {
        "start": 999,
        "end": 1010
      },
      {
        "start": 999,
        "end": 1011
      },
      {
        "start": 999,
        "end": 1012
      },
      {
        "start": 999,
        "end": 1013
      },
      {
        "start": 999,
        "end": 1014
      },
      {
        "start": 999,
        "end": 1015
      },
      {
        "start": 100,
        "end": 999
      }


    ],
    "frequencies": [
      500,
      1000
    ],
    "schemes": [
      {
        "id": 0,
        "wcdt": 0,
        "wcct": 0,
        "wccr": 1
      }
    ]
  }
}
