{
  "platform": {
    "nodes": [
      {
        "id": 1001,
        "is_router": false,
        "type_of_processor": "General purpose CPU",
        "clocking_speed": "3.0 GHz"
      },
      {
        "id": 1002,
        "is_router": false,
        "type_of_processor": "General purpose CPU",
        "clocking_speed": "3.0 GHz"
        
      },
      {
        "id": 1003,
        "is_router": false,
        "type_of_processor": "General purpose CPU",
        "clocking_speed": "3.0 GHz"
        
      },
      {
        "id": 1004,
        "is_router": false,
        "type_of_processor": "General purpose CPU",
        "clocking_speed": "3.0 GHz"
        
      },
      {
        "id": 1005,
        "is_router": false,
        "type_of_processor": "FPGA",
        "clocking_speed": "900 MHz"
        
      },
      {
        "id": 1006,
        "is_router": false,
        "type_of_processor": "FPGA",
        "clocking_speed": "900 MHz"
      
      },
      {
        "id": 1007,
        "is_router": false,
        "type_of_processor": "FPGA",
        "clocking_speed": "900 MHz"
        
      },
      {
        "id": 1008,
        "is_router": false,
        "type_of_processor": "High Performance CPU",
        "clocking_speed": "4 GHz"
       
      },
      {
        "id": 1009,
        "is_router": false,
        "type_of_processor": "High Performance CPU",
        "clocking_speed": "4 GHz"
       
      },
      {
        "id": 1010,
        "is_router": false,
        "type_of_processor": "High Performance CPU",
        "clocking_speed": "4 GHz"
        
      },
      {
        "id": 1011,
        "is_router": false,
        "type_of_processor": "High Performance CPU",
        "clocking_speed": "4 GHz"
        
      },
      {
        "id": 1012,
        "is_router": false,
        "type_of_processor": "High Performance CPU",
        "clocking_speed": "4 GHz"
      },
      {
        "id": 1013,
        "is_router": false,
        "type_of_processor": "High Performance CPU",
        "clocking_speed": "4 GHz"
        
      },
      {
        "id": 1014,
        "is_router": false,
        "type_of_processor": "High Performance CPU",
        "clocking_speed": "4 GHz"
       
      },
      {
        "id": 1015,
        "is_router": false,
        "type_of_processor": "High Performance CPU",
        "clocking_speed": "4 GHz"
       
      },
      {
        "id": 1016,
        "is_router": false,
        "type_of_processor": "High Performance CPU",
        "clocking_speed": "4 GHz"
        
      },
      {
        "id": 1017,
        "is_router": false,
        "type_of_processor": "Graphical Processing Unit",
        "clocking_speed": "2 GHz"
      
      },
      {
        "id": 1018,
        "is_router": false,
        "type_of_processor": "Graphical Processing Unit",
        "clocking_speed": "2 GHz"
        
      },
      {
        "id": 1019,
        "is_router": false,
        "type_of_processor": "Graphical Processing Unit",
        "clocking_speed": "2 GHz"
       
      },
      {
        "id": 1020,
        "is_router": false,
        "type_of_processor": "Graphical Processing Unit",
        "clocking_speed": "2 GHz"
       
      },
      {
        "id": 1021,
        "is_router": false,
        "type_of_processor": "Graphical Processing Unit",
        "clocking_speed": "2 GHz"
        
      },
      {
        "id": 1022,
        "is_router": false,
        "type_of_processor": "Graphical Processing Unit",
        "clocking_speed": "2 GHz"
        
      },
      {
        "id": 1023,
        "is_router": false,
        "type_of_processor": "Graphical Processing Unit",
        "clocking_speed": "2 GHz"
      },
      {
        "id": 1024,
        "is_router": false,
        "type_of_processor": "Graphical Processing Unit",
        "clocking_speed": "2 GHz"
        
      },
      {
        "id": 1025,
        "is_router": false,
        "type_of_processor": "Graphical Processing Unit",
        "clocking_speed": "2 GHz"
       
      },
      {
        "id": 101,
        "is_router": true
      },
      {
        "id": 102,
        "is_router": true
      },
      {
        "id": 103,
        "is_router": true
      },
      {
        "id": 104,
        "is_router": true
      },
      {
        "id": 105,
        "is_router": true
      },
      {
        "id": 106,
        "is_router": true
      },
      {
        "id": 107,
        "is_router": true
      },
      {
        "id": 108,
        "is_router": true
      },
      {
        "id": 109,
        "is_router": true
      },
      {
        "id": 110,
        "is_router": true
      },
      {
        "id": 111,
        "is_router": true
      },
      {
        "id": 112,
        "is_router": true
      },
      {
        "id": 113,
        "is_router": true
      },
      {
        "id": 114,
        "is_router": true
      },
      {
        "id": 115,
        "is_router": true
      },
      {
        "id": 116,
        "is_router": true
      },
      {
        "id": 117,
        "is_router": true
      },
      {
        "id": 118,
        "is_router": true
      },
      {
        "id": 119,
        "is_router": true
      },
      {
        "id": 120,
        "is_router": true
      },
      {
        "id": 121,
        "is_router": true
      },
      {
        "id": 122,
        "is_router": true
      },
      {
        "id": 123,
        "is_router": true
      },
      {
        "id": 124,
        "is_router": true
      },
      {
        "id": 125,
        "is_router": true
      },
      {
        "id": 1000,
        "is_router": true,
        "type_of_processor": "Cloud_Gateway_1"
      }

    ],
    "links": [
      {
        "start": 101,
        "end": 1001
      },
      {
        "start": 102,
        "end": 1002
      },
      {
        "start": 103,
        "end": 1003
      },
      {
        "start": 104,
        "end": 1004
      },
      {
        "start": 105,
        "end": 1005
      },
      {
        "start": 106,
        "end": 1006
      },
      {
        "start": 107,
        "end": 1007
      },
      {
        "start": 108,
        "end": 1008
      },
      {
        "start": 109,
        "end": 1009
      },
      {
        "start": 110,
        "end": 1010
      },
      {
        "start": 111,
        "end": 1011
      },
      {
        "start": 112,
        "end": 1012
      },
      {
        "start": 113,
        "end": 1013
      },
      {
        "start": 114,
        "end": 1014
      },
      {
        "start": 115,
        "end": 1015
      },
      {
         "start": 116,
        "end": 1016
      },
      {
         "start": 117,
        "end": 1017
      },
      {
         "start": 118,
        "end": 1018
      },
      {
         "start": 119,
        "end": 1019
      },
      {
         "start": 120,
        "end": 1020
      },
      {
         "start": 121,
        "end": 1021
      },
      {
         "start": 122,
        "end": 1022
      },
      {
         "start": 123,
        "end": 1023
      },
      {
         "start": 124,
        "end": 1024
      },
      {
         "start": 125,
        "end": 1025
      },
      {
         "start": 101,
        "end": 102
      },
      {
         "start": 102,
        "end": 103
      },
      {
         "start": 103,
        "end": 104
      },
      {
         "start": 104,
        "end": 105
      },
      {
         "start": 101,
        "end": 106
      },
      {
          "start": 102,
          "end": 107
      },
      {
        "start": 103,
        "end": 108
      },
      {
        "start": 104,
        "end": 109
      },
      {
        "start": 105,
        "end": 110
      },
      {
        "start": 106,
        "end": 107
      },
      {
        "start": 107,
        "end": 108
      },
      {
        "start": 108,
        "end": 109
      },
      {
        "start": 109,
        "end": 110
      },
      {
        "start": 106,
        "end": 111
      },
      {
        "start": 107,
        "end": 112
      },
      {
        "start": 108,
        "end": 113
      },
      {
        "start": 109,
        "end": 114
      },
      {
        "start": 110,
        "end": 115
      },
      {
        "start": 111,
        "end": 112
      },
      {
        "start": 112,
        "end": 113
      },
      {
        "start": 113,
        "end": 114
      },
      {
        "start": 114,
        "end": 115
      },
      {
        "start": 111,
        "end": 116
      },
      {
        "start": 112,
        "end": 117
      },
      {
        "start": 113,
        "end": 118
      },
      {
        "start": 114,
        "end": 119
      },
      {
        "start": 115,
        "end": 120
      },
      {
        "start": 116,
        "end": 117
      },
      {
        "start": 117,
        "end": 118
      },
      {
        "start": 118,
        "end": 119
      },
      {
        "start": 119,
        "end": 120
      },
      {
        "start": 116,
        "end": 121
      },
      {
        "start": 117,
        "end": 122
      },
      {
        "start": 118,
        "end": 123
      },
      {
        "start": 119,
        "end": 124
      },
      {
        "start": 120,
        "end": 125
      },
      {
        "start": 121,
        "end": 122
      },
      {
        "start": 122,
        "end": 123
      },
      {
        "start": 123,
        "end": 124
      },
      {
        "start": 124,
        "end": 125
      },
      {
        "start": 1000,
        "end": 101
      },
      {
        "start": 1000,
        "end": 102
      },
      {
        "start": 1000,
        "end": 103
      },
      {
        "start": 1000,
        "end": 104
      },
      {
        "start": 1000,
        "end": 105
      },
      {
        "start": 1000,
        "end": 106
      },
      {
        "start": 1000,
        "end": 107
      },
      {
        "start": 1000,
        "end": 108
      },
      {
        "start": 1000,
        "end": 109
      },
      {
        "start": 1000,
        "end": 110
      },
      {
        "start": 1000,
        "end": 111
      },
      {
        "start": 1000,
        "end": 112
      },
      {
        "start": 1000,
        "end": 113
      },
      {
        "start": 1000,
        "end": 114
      },
      {
        "start": 1000,
        "end": 115
      },
      {
        "start": 1000,
        "end": 116
      },
      {
        "start": 1000,
        "end": 117
      },
      {
        "start": 1000,
        "end": 118
      },
      {
        "start": 1000,
        "end": 119
      },
      {
        "start": 1000,
        "end": 120
      },
      {
        "start": 1000,
        "end": 121
      },
      {
        "start": 1000,
        "end": 122
      },
      {
        "start": 1000,
        "end": 123
      },
      {
        "start": 1000,
        "end": 124
      },
      {
        "start": 1000,
        "end": 125
      }


    ],
    "frequencies": [
      500,
      1000
    ],
    "schemes": [
      {
        "id": 0,
        "wcdt": 0,
        "wcct": 0,
        "wccr": 1
      }
    ]
  }
}
