{
  "platform": {
    "nodes": [
      {
        "id": 21,
        "is_router": false,
        "type_of_processor": "General purpose CPU",
        "clocking_speed": "1.5 GHz"
        
      },
      {
        "id": 22,
        "is_router": false,
        "type_of_processor": "FPGA",
        "clocking_speed": "300 MHz"
        
      },
      {
        "id": 23,
        "is_router": false,
        "type_of_processor": "Raspberry Pi 5",
        "clocking_speed": "2.4 GHz"
        
      },
      {
        "id": 24,
        "is_router": false,
        "type_of_processor": "General purpose CPU",
        "clocking_speed": "1.2 GHz"
       
        
      },
      {
        "id": 25,
        "is_router": false,
        "type_of_processor": "Microcontroller",
        "clocking_speed": "16 MHz"
        
      },
      {
        "id": 26,
        "is_router": false,
        "type_of_processor": "FPGA",
        "clocking_speed": "300 MHz"
      
      },
      {
        "id": 20001,
        "is_router": true
      },
      {
        "id": 20002,
        "is_router": true
      },
      {
        "id": 20003,
        "is_router": true
      },
      {
        "id": 20004,
        "is_router": true
      },
      {
        "id": 20005,
        "is_router": true
      },
      {
        "id": 20006,
        "is_router": true
      },
      {
        "id": 20,
        "is_router": true,
        "type_of_processor": "Edge_Gateway_2"
      }
    ],
    "links": [
      {
        "start": 21,
        "end": 20001
      },
      {
        "start": 22,
        "end": 20002
      },
      {
        "start": 23,
        "end": 20003
      },
      {
        "start": 24,
        "end": 20004
      },
      {
        "start": 25,
        "end": 20005
      },
      {
        "start": 26,
        "end": 20006
      },
      {
        "start": 20001,
        "end": 20002
      },
      {
        "start": 20002,
        "end": 20003
      },
      {
        "start": 20001,
        "end": 20004
      },
      {
        "start": 20002,
        "end": 20005
      },
      {
        "start": 20003,
        "end": 20006
      },
      {
        "start": 20004,
        "end": 20005
      },
      {
        "start": 20005,
        "end": 20006
      },
      {
        "start": 20001,
        "end": 20
      },
      {
        "start": 20002,
        "end": 20
      },
      {
        "start": 20003,
        "end": 20
      },
      {
        "start": 20004,
        "end": 20
      },
      {
        "start": 20005,
        "end": 20
      },
      {
        "start": 20006,
        "end": 20
      }

    ],
    "frequencies": [
      500,
      1000
    ],
    "schemes": [
      {
        "id": 0,
        "wcdt": 0,
        "wcct": 0,
        "wccr": 1
      }
    ]
  }
}
