[
  {
    "node_id": 53,
    "task_id": 0,
    "start_time": 0.0,
    "end_time": 1.875e-05,
    "dependencies": []
  },
  {
    "node_id": 53,
    "task_id": 1,
    "start_time": 25.00001875,
    "end_time": 25.000037499999998,
    "dependencies": [
      {
        "task_id": 0,
        "path_id": "90",
        "message_size": 0.0
      }
    ]
  },
  {
    "node_id": 54,
    "task_id": 2,
    "start_time": 29.00001875,
    "end_time": 29.00001975,
    "dependencies": [
      {
        "task_id": 0,
        "path_id": "63",
        "message_size": 2.0
      }
    ]
  },
  {
    "node_id": 54,
    "task_id": 3,
    "start_time": 54.00001975,
    "end_time": 54.00002008333333,
    "dependencies": [
      {
        "task_id": 2,
        "path_id": "100",
        "message_size": 1.0
      }
    ]
  }
]