[
  {
    "node_id": 53,
    "task_id": 2,
    "start_time": 29.000001,
    "end_time": 29.00001975,
    "dependencies": [
      {
        "task_id": 0,
        "path_id": "62",
        "message_size": 1.0
      }
    ]
  },
  {
    "node_id": 53,
    "task_id": 3,
    "start_time": 54.00001975,
    "end_time": 54.000026,
    "dependencies": [
      {
        "task_id": 2,
        "path_id": "90",
        "message_size": 0.0
      }
    ]
  },
  {
    "node_id": 53,
    "task_id": 1,
    "start_time": 78.000001,
    "end_time": 378.000001,
    "dependencies": [
      {
        "task_id": 0,
        "path_id": "61",
        "message_size": 28.0
      }
    ]
  },
  {
    "node_id": 54,
    "task_id": 0,
    "start_time": 0.0,
    "end_time": 1e-06,
    "dependencies": []
  }
]