[
  {
    "node_id": 53,
    "task_id": 3,
    "start_time": 53.000002,
    "end_time": 53.00000825,
    "dependencies": [
      {
        "task_id": 2,
        "path_id": "60",
        "message_size": 0.0
      }
    ]
  },
  {
    "node_id": 54,
    "task_id": 0,
    "start_time": 0.0,
    "end_time": 1e-06,
    "dependencies": []
  },
  {
    "node_id": 54,
    "task_id": 2,
    "start_time": 25.000001,
    "end_time": 25.000002000000002,
    "dependencies": [
      {
        "task_id": 0,
        "path_id": "100",
        "message_size": 1.0
      }
    ]
  }
]