[
  {
    "node_id": 53,
    "task_id": 0,
    "start_time": 0.0,
    "end_time": 1.875e-05,
    "dependencies": []
  },
  {
    "node_id": 53,
    "task_id": 2,
    "start_time": 25.00001875,
    "end_time": 25.000037499999998,
    "dependencies": [
      {
        "task_id": 0,
        "path_id": "90",
        "message_size": 1.0
      }
    ]
  },
  {
    "node_id": 53,
    "task_id": 1,
    "start_time": 25.000037499999998,
    "end_time": 25.000056249999997,
    "dependencies": [
      {
        "task_id": 0,
        "path_id": "90",
        "message_size": 0.0
      }
    ]
  }
]